run_idx,split_seed,support_size,query_size,accuracy,macro_f1,weighted_f1
0,42,36,9268,0.6718817436340095,0.6037453565426355,0.6845468506149134
1,1051,36,9268,0.6695079844626672,0.6051075940040107,0.6765809855568617
2,2060,36,9268,0.6746870953819595,0.6120137176292585,0.6846697008779286
3,3069,36,9268,0.7192490289167026,0.651443619128416,0.7223732385841787
4,4078,36,9268,0.6839663357790245,0.6103681285493148,0.6889900007492639
5,5087,36,9268,0.6960509279240397,0.6249721194471566,0.7051859491422072
6,6096,36,9268,0.6708027621924902,0.5981466676896592,0.676362214910692
7,7105,36,9268,0.6404833836858006,0.5750382458873908,0.6435650980952843
8,8114,36,9268,0.6814846784635304,0.6153363924413983,0.688963833939333
9,9123,36,9268,0.6988562796719896,0.6311408838252691,0.7064875253851137
10,10132,36,9268,0.6063875701337937,0.5474443160162231,0.602982741170433
11,11141,36,9268,0.6754423823910228,0.6110868955182426,0.682741988177929
12,12150,36,9268,0.6996115666810531,0.626346769159424,0.70561214507999
13,13159,36,9268,0.6592576607682348,0.5951568999567337,0.6645045845435535
14,14168,36,9268,0.6784635304272767,0.6053956875577057,0.6885929884162035
15,15177,36,9268,0.6819162710401381,0.5947653274236059,0.6874727621182255
16,16186,36,9268,0.6998273629693569,0.6323143390614904,0.70496617280434
17,17195,36,9268,0.705114372032801,0.6324706260923826,0.7094157453215225
18,18204,36,9268,0.7072723349158394,0.6360084502646067,0.7102228359758348
19,19213,36,9268,0.7020932239965473,0.6321124958882316,0.7049473535888724
20,20222,36,9268,0.6650841605524385,0.5917775159509252,0.6692864020753408
21,21231,36,9268,0.6782477341389728,0.6085140521837415,0.6863070733841796
22,22240,36,9268,0.7014458351316357,0.6332728338813315,0.7075963688375876
23,23249,36,9268,0.6488994389296504,0.6117083289207592,0.6552039617222501
24,24258,36,9268,0.7047906776003453,0.6302274284996814,0.7081208972190483
25,25267,36,9268,0.6287224859732412,0.5671739829234403,0.6456439161071139
26,26276,36,9268,0.6777082434182132,0.6133930980958185,0.6841907348777723
27,27285,36,9268,0.6777082434182132,0.617475252264899,0.6911971258161522
28,28294,36,9268,0.6957272334915839,0.6341890536780164,0.7049541025322574
29,29303,36,9268,0.6986404833836858,0.625359053749126,0.7062507079902854
30,30312,36,9268,0.6927060854553302,0.6224807125160781,0.6986761774812423
31,31321,36,9268,0.6671342252913249,0.6049841091291944,0.6720976517834013
32,32330,36,9268,0.669831678895123,0.6074816354961243,0.6788211324554728
33,33339,36,9268,0.6665947345705654,0.6095718766014661,0.6810478315465599
34,34348,36,9268,0.6868795856711265,0.6068515741861109,0.6946767010212971
35,35357,36,9268,0.6758739749676306,0.6070436692722798,0.6857887302710454
36,36366,36,9268,0.6923823910228744,0.6201922503032102,0.7019308308693789
37,37375,36,9268,0.6936771687526975,0.6131140929125094,0.6942837465843175
38,38384,36,9268,0.680729391454467,0.6127207687411251,0.6905329241711596
39,39393,36,9268,0.659041864479931,0.5881314298366433,0.667248593322367
40,40402,36,9268,0.6700474751834269,0.6120690393399257,0.6782833037927332
41,41411,36,9268,0.7094302977988779,0.642719680526684,0.7135944336447241
42,42420,36,9268,0.6796504100129478,0.6120259268116518,0.6910787635802627
43,43429,36,9268,0.663034095813552,0.6029800839533874,0.674001980784549
44,44438,36,9268,0.7136383254208027,0.6470580491177782,0.7202157082202287
45,45447,36,9268,0.6596892533448425,0.6035996075069643,0.672629961943829
46,46456,36,9268,0.6860164005179111,0.6203704424475631,0.699047529353595
47,47465,36,9268,0.6709106603366423,0.5967821256210462,0.6853688741290218
48,48474,36,9268,0.6737160120845922,0.5923598267912586,0.6747770305944124
49,49483,36,9268,0.6679974104445403,0.5991532119416745,0.6697399805874786
50,50492,36,9268,0.638649115235218,0.5648803277725377,0.6296790316212256
51,51501,36,9268,0.6759818731117825,0.6152382449317225,0.6837781738026218
52,52510,36,9268,0.6933534743202417,0.629249314706527,0.6965909111649448
53,53519,36,9268,0.6759818731117825,0.6125195385646011,0.6861929026562301
54,54528,36,9268,0.7073802330599913,0.6385117693873077,0.7130481665462979
55,55537,36,9268,0.6525679758308157,0.579786122083227,0.6503048751421827
56,56546,36,9268,0.6915192058696591,0.6262555621060011,0.6995009956582151
57,57555,36,9268,0.6555891238670695,0.5916514426751642,0.6649516499554212
58,58564,36,9268,0.588260681916271,0.5404050047031963,0.6108780501181057
59,59573,36,9268,0.7042511868795857,0.6278774907050867,0.7077299165210885
60,60582,36,9268,0.7154725938713854,0.6411951173779222,0.7187267280097399
61,61591,36,9268,0.649331031506258,0.5935021382538319,0.6620592527103311
62,62600,36,9268,0.6977772982304704,0.6299279178021288,0.7050076152765407
63,63609,36,9268,0.6960509279240397,0.6289369357029235,0.7038948042568729
64,64618,36,9268,0.6850453172205438,0.6183422812664298,0.6998525165667101
65,65627,36,9268,0.6863400949503669,0.614052403561737,0.6918407225201324
66,66636,36,9268,0.71460940871817,0.6503204519951794,0.7195407316546792
67,67645,36,9268,0.6363832542080277,0.5708587976078817,0.6502404246877346
68,68654,36,9268,0.6928139835994821,0.6292005260729783,0.6971794260334582
69,69663,36,9268,0.6936771687526975,0.6269145739423695,0.6999555582616447
70,70672,36,9268,0.6214933103150626,0.564337171620858,0.62910774636292
71,71681,36,9268,0.7037116961588261,0.6397158331639268,0.7113878765739796
72,72690,36,9268,0.6443677168752697,0.576933748446921,0.652391798495605
73,73699,36,9268,0.6441519205869659,0.588110902163722,0.6617833505292099
74,74708,36,9268,0.6938929650410013,0.6176395068588827,0.6997266787682123
75,75717,36,9268,0.6559128182995253,0.5896046874960317,0.6629518278292708
76,76726,36,9268,0.7068407423392318,0.6376736622860775,0.7104958393099671
77,77735,36,9268,0.6676737160120846,0.6066471205868613,0.6808443283661334
78,78744,36,9268,0.6920586965904186,0.6260669024339413,0.6982052341871753
79,79753,36,9268,0.6905481225722918,0.6220705816304474,0.6949662443338236
80,80762,36,9268,0.6800820025895554,0.6144410582454429,0.6869160152964169
81,81771,36,9268,0.6624946050927925,0.599175419837047,0.6756402430454437
82,82780,36,9268,0.6764134656883901,0.6068963438154699,0.6874714247142895
83,83789,36,9268,0.6876348726801899,0.6137326600613385,0.6969490121660363
84,84798,36,9268,0.6864479930945188,0.6157535297427786,0.6916698637857664
85,85807,36,9268,0.6884980578334052,0.6131345953495244,0.6926761882655079
86,86816,36,9268,0.6664868364264135,0.5924312180568548,0.6744610681181832
87,87825,36,9268,0.6745791972378075,0.6130486161970075,0.683205497892685
88,88834,36,9268,0.7072723349158394,0.638398320768363,0.7140421472468714
89,89843,36,9268,0.6835347432024169,0.6177640841998147,0.6876424889367656
90,90852,36,9268,0.6754423823910228,0.6046386216543089,0.6864631284395547
91,91861,36,9268,0.669723780750971,0.6025710480819871,0.6780814725094355
92,92870,36,9268,0.7111566681053086,0.6387711499969116,0.7139117060715552
93,93879,36,9268,0.669723780750971,0.6004722966554571,0.6770530897527726
94,94888,36,9268,0.622140699179974,0.5624607709705132,0.6276527487563468
95,95897,36,9268,0.6809451877427708,0.6164276299682878,0.6843923817979016
96,96906,36,9268,0.7033880017263703,0.6358112589465232,0.7071824836024755
97,97915,36,9268,0.6628182995252482,0.6026254518542352,0.6715172310796906
98,98924,36,9268,0.6931376780319378,0.6232499322869802,0.7009946369198717
99,99933,36,9268,0.6859085023737592,0.6286713630500896,0.6913701913005615
