model,resolved_model,target,protocol,k,splits,train_scheme,accuracy,accuracy_std,macro_f1,macro_f1_std,weighted_f1,weighted_f1_std,zero_shot_accuracy,zero_shot_macro_f1,time_sec
MR-HuBERT,MR-HuBERT,Chizhou,loro,4.0,100.0,last_layer,0.564359542266519,0.02690039135506647,0.5094429769293137,0.02022154451549259,0.5716703111186967,0.028774549437889305,0.6001100110011001,0.5444108632024359,134.2305892892182
MR-HuBERT,MR-HuBERT,Dangtu,loro,4.0,100.0,last_layer,0.41847058823529415,0.04401523392610497,0.3722980563178616,0.03785172419153709,0.42725692118679603,0.054161059971491246,0.4880382775119617,0.43907044173155296,134.70868063345551
MR-HuBERT,MR-HuBERT,Fanchang,loro,4.0,100.0,last_layer,0.5438372799028536,0.04128010824234042,0.48818430651633,0.034012234425994714,0.5573421019997136,0.042665393268295396,0.6048722519310754,0.5512405286388041,128.8358532525599
MR-HuBERT,MR-HuBERT,Gaochun,loro,4.0,100.0,last_layer,0.3540785256410257,0.036902126659059405,0.3113791396948181,0.02987872781994091,0.3504799755408318,0.047563805332406346,0.44549763033175355,0.39241154036289533,128.16427110135555
MR-HuBERT,MR-HuBERT,Huangshan,loro,4.0,100.0,last_layer,0.4217422050787528,0.04549710375917923,0.3550221340586431,0.03421613446853375,0.44112930673992556,0.050901460160910586,0.5445829338446788,0.4292530780171588,128.26288274489343
MR-HuBERT,MR-HuBERT,Jingxian,loro,4.0,100.0,last_layer,0.3884144882966,0.046748478016923244,0.35143384636909425,0.03662733320295406,0.39441753990024286,0.05185548053271674,0.47868908133808796,0.4300467171203932,127.99976945482194
MR-HuBERT,MR-HuBERT,Lishui,loro,4.0,100.0,last_layer,0.4653382533825338,0.046562469843901576,0.4149110072063095,0.04127739968310458,0.46780832537763056,0.0574880681629099,0.5409145607701564,0.49908554907117253,129.08672046661377
MR-HuBERT,MR-HuBERT,Nanling,loro,4.0,100.0,last_layer,0.5306079431994675,0.0425007413258816,0.4860398947992859,0.03313500269050861,0.5399920140722764,0.04951992424232579,0.5945410521681708,0.5516647159906414,127.03255630843341
MR-HuBERT,MR-HuBERT,Ningguo,loro,4.0,100.0,last_layer,0.46324968632371394,0.025407279256397138,0.41186194091373507,0.024189154917196365,0.45380313825455587,0.03427407992865096,0.5474189675870348,0.510357488802591,127.71704730950296
MR-HuBERT,MR-HuBERT,Qingyang,loro,4.0,100.0,last_layer,0.5261292918454936,0.02611674531171401,0.4784867944654019,0.022900214689442668,0.5354429317357696,0.029328219300646406,0.5874070138150903,0.5374996334890003,128.79270359501243
MR-HuBERT,MR-HuBERT,Suncun,loro,4.0,100.0,last_layer,0.5597703035274817,0.039931354526441754,0.506205948125343,0.03657626841751107,0.5736798161231729,0.04387797249577249,0.6175298804780877,0.5676805792301265,127.44410111568868
MR-HuBERT,MR-HuBERT,Tongling,loro,4.0,100.0,last_layer,0.5385936222403924,0.04532752025543353,0.48513735076788583,0.034198934148516574,0.5443047056456415,0.054969261158051376,0.6108022239872914,0.5473922263416435,126.20425941236317
MR-HuBERT,MR-HuBERT,Wuhu,loro,4.0,100.0,last_layer,0.5015384615384615,0.04861651044954723,0.45883199508928096,0.0372782069846995,0.5138637121611819,0.05178415751347728,0.5646586345381526,0.5238238733131273,127.7470956966281
MR-HuBERT,MR-HuBERT,Xuancheng,loro,4.0,100.0,last_layer,0.5504859967051071,0.03787033413941603,0.49563272937441805,0.03244100249620236,0.554047317888247,0.03985407712571373,0.6288,0.5752132936214324,127.68812274001539
MS-HuBERT,MS-HuBERT,Chizhou,loro,4.0,100.0,last_layer,0.5757733480989295,0.026214097957093084,0.5199039200117925,0.02090681778242315,0.5913840817095497,0.02930488516992461,0.6923359002566923,0.6238562267097341,163.61909545585513
MS-HuBERT,MS-HuBERT,Dangtu,loro,4.0,100.0,last_layer,0.4239204152249135,0.040812100709237596,0.3797718244598764,0.03317797094127625,0.4327150787810037,0.05100617067605887,0.5167464114832536,0.47407552136589853,162.8248464949429
MS-HuBERT,MS-HuBERT,Fanchang,loro,4.0,100.0,last_layer,0.498816029143898,0.03813005967988881,0.45489427050697584,0.03341986866285197,0.518260914395723,0.04302962901381984,0.6114081996434938,0.5509573877164935,163.05849729292095
MS-HuBERT,MS-HuBERT,Gaochun,loro,4.0,100.0,last_layer,0.3646434294871795,0.029230318601545274,0.3307111309175004,0.02573838210678031,0.35961670453570954,0.03902299691194605,0.46445497630331756,0.4134855923017853,163.12743074446917
MS-HuBERT,MS-HuBERT,Huangshan,loro,4.0,100.0,last_layer,0.4481468981035037,0.04446758513195806,0.3829458941380701,0.033721107498966,0.4634914967367402,0.05114510959459974,0.5798977309044423,0.4681744906900252,163.70551644824445
MS-HuBERT,MS-HuBERT,Jingxian,loro,4.0,100.0,last_layer,0.39061506919528455,0.04267819340999126,0.35536461357769644,0.033062577435406575,0.3960186832766541,0.04898755210993494,0.5034810663949737,0.4485861754880572,164.2914143614471
MS-HuBERT,MS-HuBERT,Lishui,loro,4.0,100.0,last_layer,0.467269372693727,0.03507823879152864,0.42578459217901915,0.03168136252224848,0.4755957494727585,0.04371943069529827,0.5631768953068592,0.5191489613641638,158.42372926138341
MS-HuBERT,MS-HuBERT,Nanling,loro,4.0,100.0,last_layer,0.5479853561127136,0.03659687133690598,0.5021175025460676,0.029619858476296525,0.5562287013288119,0.04163689461233449,0.6335020911292097,0.5856744707063856,160.16073212772608
MS-HuBERT,MS-HuBERT,Ningguo,loro,4.0,100.0,last_layer,0.44710163111668755,0.0348651350534748,0.3988463742010622,0.02834136115481276,0.44938791256397354,0.043745766121311286,0.5894357743097239,0.5417788754750708,159.44016582332551
MS-HuBERT,MS-HuBERT,Qingyang,loro,4.0,100.0,last_layer,0.5403460300429185,0.023734852727407538,0.4891323600914263,0.019788551326724454,0.5504799101583382,0.025381231489422854,0.6299149840595112,0.5713274460546983,161.16549486108124
MS-HuBERT,MS-HuBERT,Suncun,loro,4.0,100.0,last_layer,0.5187530762920427,0.03786559854448879,0.48083529969793837,0.03492266702950092,0.537754114807465,0.04252857868858133,0.6143426294820717,0.5731608189032119,160.71507122926414
MS-HuBERT,MS-HuBERT,Tongling,loro,4.0,100.0,last_layer,0.5350449713818479,0.04245442299283855,0.48159634047972766,0.03678117499781138,0.5454272924177517,0.04906108061252754,0.630659253375695,0.549351139794855,155.58436288498342
MS-HuBERT,MS-HuBERT,Wuhu,loro,4.0,100.0,last_layer,0.48908188585607937,0.043247810868916554,0.44165379596235077,0.03336697957629452,0.5074130366031394,0.04583759598001636,0.5855421686746988,0.5265543851157847,159.6165740955621
MS-HuBERT,MS-HuBERT,Xuancheng,loro,4.0,100.0,last_layer,0.5276029654036245,0.037723492620220705,0.47809406076264566,0.03223840094758568,0.5355354196001365,0.04251317230985041,0.6336,0.5692572180735889,161.06104415655136
allophant-hierarchical-hfcache,allophant-hierarchical-hfcache,Chizhou,loro,4.0,100.0,last_layer,0.4379900332225914,0.045800909937506226,0.38388958043996724,0.032388275077835434,0.454236781030478,0.05406691717909201,0.51008434176751,0.4414340466407042,2755.6289337538183
allophant-hierarchical-hfcache,allophant-hierarchical-hfcache,Dangtu,loro,4.0,100.0,last_layer,0.3187231833910035,0.0419849151578819,0.2836970406002435,0.035349156698655314,0.31444909702042495,0.05293473595068147,0.4224196855775803,0.37825896585054014,282.2748974952847
allophant-hierarchical-hfcache,allophant-hierarchical-hfcache,Fanchang,loro,4.0,100.0,last_layer,0.3967152398299939,0.054844168485581254,0.347936622742648,0.041663015889386944,0.40937639987915975,0.06556021699441425,0.49554367201426025,0.4433836476938931,265.82519851997495
allophant-hierarchical-hfcache,allophant-hierarchical-hfcache,Gaochun,loro,4.0,100.0,last_layer,0.2684254807692308,0.038990965370637634,0.22556351295654545,0.026194442247396955,0.25991512792236066,0.045762198807932836,0.330173775671406,0.2854413609846073,265.33154533803463
allophant-hierarchical-hfcache,allophant-hierarchical-hfcache,Huangshan,loro,4.0,100.0,last_layer,0.2945403407264545,0.041189540109155424,0.2465979224109598,0.028807728227842867,0.30271879063421914,0.05014393244727522,0.3852668584212208,0.33033803284546503,273.1428416389972
allophant-hierarchical-hfcache,allophant-hierarchical-hfcache,Jingxian,loro,4.0,100.0,last_layer,0.2601264308901418,0.050309420388711015,0.23269288685845269,0.03515238444645892,0.25891542060848005,0.061918476620129316,0.32416369502462217,0.2882097819656525,284.7271466013044
allophant-hierarchical-hfcache,allophant-hierarchical-hfcache,Lishui,loro,4.0,100.0,last_layer,0.34740467404674047,0.050987305787650934,0.3066331963526854,0.039885387609008637,0.3521449049586361,0.06266516937889934,0.4404332129963899,0.3805355280539857,279.60274424031377
allophant-hierarchical-hfcache,allophant-hierarchical-hfcache,Nanling,loro,4.0,100.0,last_layer,0.4023541158198358,0.05221199759303481,0.3612477269820497,0.03890151042146693,0.4092747126421671,0.06464448165543094,0.4384767774598283,0.4099589187549153,283.6531644202769
allophant-hierarchical-hfcache,allophant-hierarchical-hfcache,Ningguo,loro,4.0,100.0,last_layer,0.3338519447929737,0.03175417005164328,0.296501118745333,0.026507338510288667,0.31829556674239307,0.03464148539491811,0.4057623049219688,0.34305559339499614,273.8071712218225
allophant-hierarchical-hfcache,allophant-hierarchical-hfcache,Qingyang,loro,4.0,100.0,last_layer,0.4028406652360515,0.04782667940355042,0.3606109481149734,0.034711387822077916,0.4017696565978349,0.05672370812044916,0.48432518597236984,0.4177731560111392,271.95289433375
allophant-hierarchical-hfcache,allophant-hierarchical-hfcache,Suncun,loro,4.0,100.0,last_layer,0.4105414273995078,0.0649020619544124,0.35699289779384913,0.047025104062789425,0.42087111974132235,0.07291798671226646,0.5553784860557769,0.47687006171369006,265.1605938151479
allophant-hierarchical-hfcache,allophant-hierarchical-hfcache,Tongling,loro,4.0,100.0,last_layer,0.39539656582174976,0.04954434832820158,0.3558267303754103,0.03624548181397347,0.39336364410418356,0.05997162045139721,0.49007148530579825,0.41125421514714483,294.051251815632
allophant-hierarchical-hfcache,allophant-hierarchical-hfcache,Wuhu,loro,4.0,100.0,last_layer,0.3882464846980976,0.0563219241719939,0.34516647083382873,0.04027731483067849,0.4019095374026451,0.06634370124223457,0.5301204819277109,0.4491389904673502,293.61396006681025
allophant-hierarchical-hfcache,allophant-hierarchical-hfcache,Xuancheng,loro,4.0,100.0,last_layer,0.3984514003294893,0.0563958459057006,0.36350354195515405,0.04263665295177876,0.3955496152708099,0.06766954358513627,0.4232,0.40047554002289604,278.916361739859
hubert-base-ls960,hubert-base-ls960,Chizhou,,,,last_layer,0.5260059062384644,0.03385739955901173,0.47187413450552684,0.028681954918741818,0.5508095485561453,0.035609326657289754,0.5991932526585992,0.5507591480760552,181.43624881654978
hubert-base-ls960,hubert-base-ls960,Dangtu,,,,last_layer,0.3764532871972318,0.0514397871072337,0.3347009480387746,0.04050990189392985,0.3820690547942855,0.06359329687566694,0.4794941900205058,0.42753407004182603,181.9975975137204
hubert-base-ls960,hubert-base-ls960,Fanchang,,,,last_layer,0.46355798421372185,0.044721874874257515,0.4296374053528453,0.03937016222864734,0.47297230806731966,0.051651275545005954,0.5638740344622698,0.5306202751264798,180.99505797959864
hubert-base-ls960,hubert-base-ls960,Gaochun,,,,last_layer,0.33993589743589736,0.03583340377357381,0.30727753808341285,0.028145880677957612,0.3339578285806562,0.04285823566854825,0.42417061611374407,0.3748928170931754,178.26496713235974
hubert-base-ls960,hubert-base-ls960,Huangshan,,,,last_layer,0.3760141433622631,0.04603577461243438,0.316365958784963,0.03270035251253738,0.39273974262199607,0.050890321580643626,0.5447427293064877,0.4200509064234395,181.80067474767566
hubert-base-ls960,hubert-base-ls960,Jingxian,,,,last_layer,0.33417734495130696,0.04306340886700409,0.30643715878179595,0.030936918355607416,0.341808750610585,0.05159292646301562,0.46544404822550517,0.40986084197268197,181.31716792844236
hubert-base-ls960,hubert-base-ls960,Lishui,,,,last_layer,0.4328782287822879,0.055350485861719645,0.38575632287668427,0.04403223301676744,0.4325036444350773,0.06824384379500789,0.529482551143201,0.47721531041880183,178.45170914009213
hubert-base-ls960,hubert-base-ls960,Nanling,,,,last_layer,0.4974816951408921,0.04505237181265797,0.4615076499977737,0.03431479374183993,0.5045469613737062,0.052851999919574545,0.611930442438917,0.5594041399301739,181.01155608147383
hubert-base-ls960,hubert-base-ls960,Ningguo,,,,last_layer,0.3812547051442911,0.027203124762952564,0.34419983731178116,0.024180343956542272,0.3625398078594535,0.03673844593780856,0.4777911164465786,0.4516245502827147,180.47707925364375
hubert-base-ls960,hubert-base-ls960,Qingyang,,,,last_layer,0.4670118025751073,0.03976619018270733,0.4356226630992467,0.030767676874518358,0.4764612273290579,0.04481565888367715,0.507173219978746,0.49215829856982374,180.73066922463477
hubert-base-ls960,hubert-base-ls960,Suncun,,,,last_layer,0.4924446267432321,0.04631629794086692,0.4488215964288898,0.04148895268603574,0.5061647676144415,0.05291178773860176,0.5936254980079682,0.5486943288349312,179.62883553095162
hubert-base-ls960,hubert-base-ls960,Tongling,,,,last_layer,0.4595748160261652,0.05485764160068872,0.421892175742647,0.041273743797398975,0.4686453421306306,0.06464960884072557,0.5901509134233519,0.5103473197970582,179.53630795143545
hubert-base-ls960,hubert-base-ls960,Wuhu,,,,last_layer,0.4550372208436725,0.05681036503772257,0.42129310939231424,0.03994518521065004,0.4636997064541847,0.06273766789511619,0.5228915662650603,0.4958667771545492,181.94576896727085
hubert-base-ls960,hubert-base-ls960,Xuancheng,,,,last_layer,0.4884596375617793,0.05648284407970856,0.4498201120231057,0.046771506439061604,0.48097023348087425,0.06578828409754793,0.5888,0.5546267366244007,180.7724226396531
mHuBERT-147,mHuBERT-147,Chizhou,loro,4.0,100.0,last_layer,0.5126688815060908,0.04817141470086041,0.4714227768451695,0.030770863267701502,0.5374406476463078,0.054886609470973555,0.5511551155115512,0.5144134740303697,190.84559848159552
mHuBERT-147,mHuBERT-147,Dangtu,loro,4.0,100.0,last_layer,0.40256747404844284,0.04672485769963993,0.35580470892579846,0.03577737841327611,0.4140692981593893,0.05677193825380813,0.44463431305536566,0.40711644725287227,183.17610682733357
mHuBERT-147,mHuBERT-147,Fanchang,loro,4.0,100.0,last_layer,0.5073102610807529,0.04262237770588886,0.46173918668632297,0.0335466010471077,0.5173755867122375,0.04924191754379673,0.5733808674985146,0.5201914395642433,180.98857152089477
mHuBERT-147,mHuBERT-147,Gaochun,loro,4.0,100.0,last_layer,0.3438060897435897,0.03633389155416998,0.3024476055420335,0.030706330940676242,0.3367206557323894,0.04335134240881134,0.41824644549763035,0.35246439181190814,181.2195288799703
mHuBERT-147,mHuBERT-147,Huangshan,loro,4.0,100.0,last_layer,0.3983317261330761,0.041322911138552076,0.3286554849788321,0.03064331677539659,0.41307073758377977,0.04602880672566712,0.5172579098753596,0.42127895538580495,182.73894888535142
mHuBERT-147,mHuBERT-147,Jingxian,loro,4.0,100.0,last_layer,0.3687288569964121,0.050582167903342225,0.33065700644885965,0.03552223546476522,0.3682450853261314,0.05780309101704279,0.45457632874851417,0.4014161915747763,180.2476778998971
mHuBERT-147,mHuBERT-147,Lishui,loro,4.0,100.0,last_layer,0.4420172201722018,0.05645916835183202,0.4062424979762549,0.04270253340279881,0.44419249498736646,0.06887287261955204,0.5030084235860409,0.4746744907904832,179.7019445914775
mHuBERT-147,mHuBERT-147,Nanling,loro,4.0,100.0,last_layer,0.5022520523629909,0.05757190285233603,0.4641181540601453,0.04000796708440054,0.49543345634269065,0.07037601592116305,0.5846357032797711,0.5341505658731791,180.31644518487155
mHuBERT-147,mHuBERT-147,Ningguo,loro,4.0,100.0,last_layer,0.397038895859473,0.030589343470235057,0.3602292689016588,0.02712433527693528,0.38514357438235636,0.037100982104289894,0.4765906362545018,0.44656573175746406,180.59862803854048
mHuBERT-147,mHuBERT-147,Qingyang,loro,4.0,100.0,last_layer,0.5074222103004291,0.042439076273704086,0.46628360915989675,0.028051905146199145,0.50780746239216,0.04907115430978572,0.5260361317747078,0.5022013516609202,179.61611874774098
mHuBERT-147,mHuBERT-147,Suncun,loro,4.0,100.0,last_layer,0.5489007383100902,0.046017636159144275,0.5024669191129,0.03766603166336909,0.5637273769332942,0.05127501945906276,0.6143426294820717,0.5639491066194604,180.53772190958261
mHuBERT-147,mHuBERT-147,Tongling,loro,4.0,100.0,last_layer,0.47627964022894514,0.05810105835374022,0.4305664523006202,0.04379614182538977,0.47698889014854046,0.0716734394919576,0.5663224781572677,0.49791163111567527,180.167637784034
mHuBERT-147,mHuBERT-147,Wuhu,loro,4.0,100.0,last_layer,0.49512820512820516,0.055218621715732524,0.45528991993444684,0.03971437930933303,0.4989983120966501,0.061432410463449647,0.5686746987951807,0.5307348897822244,178.93526752479374
mHuBERT-147,mHuBERT-147,Xuancheng,loro,4.0,100.0,last_layer,0.48565074135090613,0.05100949784375402,0.4422876288136805,0.039604677666790676,0.47188428125337806,0.060344508462738804,0.5816,0.5331292357474839,184.98362383805215
wav2vec2-base,wav2vec2-base,Chizhou,,,,last_layer,0.3810483573274271,0.04449241145489509,0.3433644212439416,0.03129197725214221,0.4041561034217383,0.05481379696724593,0.4594792812614595,0.4096524909831579,203.03084890544415
wav2vec2-base,wav2vec2-base,Dangtu,,,,last_layer,0.3016332179930796,0.034809141720101994,0.25806139951409934,0.024610880535647122,0.3097697010377105,0.04251543904773471,0.43301435406698563,0.3121977060118143,211.23278943821788
wav2vec2-base,wav2vec2-base,Fanchang,,,,last_layer,0.33609593199757143,0.040389720259867375,0.30592297794744605,0.030421162207057,0.34576793187151905,0.047483331913971125,0.46524064171123,0.4228177963384059,208.53516475483775
wav2vec2-base,wav2vec2-base,Gaochun,,,,last_layer,0.3111338141025641,0.03625178411629181,0.2681987437660424,0.02756509671771442,0.3086804237592014,0.04272968985783597,0.39928909952606634,0.2747468846561598,206.80824066884816
wav2vec2-base,wav2vec2-base,Huangshan,,,,last_layer,0.3153648344583735,0.03877548037534594,0.26424672186621856,0.02718014635232951,0.3299422648371786,0.043620256806349095,0.5,0.3539455457088701,216.34802416153252
wav2vec2-base,wav2vec2-base,Jingxian,,,,last_layer,0.278556295916624,0.0466611166156022,0.24087874781639101,0.03304727125778586,0.28416263235320893,0.05340871834764594,0.4094073696722703,0.3306735583725976,201.26615861058235
wav2vec2-base,wav2vec2-base,Lishui,,,,last_layer,0.3553628536285363,0.04711410648544936,0.31126794753068643,0.0328587672041493,0.35605595622761393,0.053360933204442455,0.4777376654632972,0.3973904130170139,206.77737570367754
wav2vec2-base,wav2vec2-base,Nanling,,,,last_layer,0.35356556467716876,0.04948326175814135,0.3186380854714763,0.035911146101672474,0.3704456709948862,0.060363928710580876,0.4651111600264143,0.4076862749511658,208.44538053125143
wav2vec2-base,wav2vec2-base,Ningguo,,,,last_layer,0.26984943538268513,0.025134787621700853,0.25714052635218604,0.021966091938887388,0.26789367573317313,0.033174342932588086,0.3385354141656663,0.32118904522843805,214.60288348421454
wav2vec2-base,wav2vec2-base,Qingyang,,,,last_layer,0.38109442060085835,0.035986846823683805,0.3408943509864152,0.02924415548067323,0.38339546951361436,0.04417120472090018,0.43437832093517537,0.39224518125066915,202.3406330626458
wav2vec2-base,wav2vec2-base,Suncun,,,,last_layer,0.2947087776866284,0.04124832355615892,0.2716434950200319,0.032948014318880156,0.31185510632610625,0.05353472582633338,0.450199203187251,0.36975607071019967,204.39592720009387
wav2vec2-base,wav2vec2-base,Tongling,,,,last_layer,0.3482583810302534,0.04089210567839097,0.3244463636757314,0.03026862249458293,0.35462235431549777,0.052622090921352,0.4694201747418586,0.38813701677223844,204.69062863849103
wav2vec2-base,wav2vec2-base,Wuhu,,,,last_layer,0.3032092638544251,0.050105503390134136,0.2612640119475327,0.035478054961586646,0.32436290866114836,0.05748262529551189,0.46184738955823296,0.39345819475372523,214.67809039913118
wav2vec2-base,wav2vec2-base,Xuancheng,,,,last_layer,0.34167215815485996,0.04329582559902181,0.31590229989868723,0.032945392840152084,0.33889444727429335,0.052356796827761606,0.4704,0.4266575469153542,199.86177409254014
wav2vec2-large-robust-hfcache,wav2vec2-large-robust-hfcache,Dangtu,loro,4.0,100.0,last_layer,0.16176816608996536,0.042336929378310684,0.12218816557263944,0.020875901144316113,0.1562263409376367,0.04361602694023301,0.26555023923444976,0.07246855994686421,5655.1350052747875
wav2vec2-large-robust-hfcache,wav2vec2-large-robust-hfcache,Fanchang,loro,4.0,100.0,last_layer,0.14660595021250755,0.03628806993431599,0.11190377705426392,0.019224290994633783,0.14119758793436474,0.03832534485856574,0.24361259655377301,0.07738331307703789,5657.578018190339
wav2vec2-large-robust-hfcache,wav2vec2-large-robust-hfcache,Gaochun,loro,4.0,100.0,last_layer,0.17209535256410255,0.03133721694531658,0.13651760041601788,0.017707826218224938,0.16762559770054847,0.03623657981277992,0.1990521327014218,0.08907791357858452,213.27413204312325
wav2vec2-large-robust-hfcache,wav2vec2-large-robust-hfcache,Huangshan,loro,4.0,100.0,last_layer,0.14194471231115396,0.03181523731040068,0.11099444267866017,0.015206313268751895,0.13320584280362666,0.0327690886335906,0.27181208053691275,0.08145410125704816,213.62708439305425
wav2vec2-large-robust-hfcache,wav2vec2-large-robust-hfcache,Jingxian,loro,4.0,100.0,last_layer,0.16384589099607033,0.042467345919966974,0.12564992503020211,0.022408235592292963,0.1582891557082915,0.04610495161773526,0.36033282390898286,0.10491210204927028,213.9645170364529
wav2vec2-large-robust-hfcache,wav2vec2-large-robust-hfcache,Lishui,loro,4.0,100.0,last_layer,0.15591635916359162,0.03599453907581027,0.12498402389827923,0.018444829910630046,0.15424928854317005,0.03538209947896336,0.2641395908543923,0.07398720416029109,213.52810308150947
wav2vec2-large-robust-hfcache,wav2vec2-large-robust-hfcache,Nanling,loro,4.0,100.0,last_layer,0.16395384956733972,0.027830791127358777,0.1282478772976742,0.01698960635868946,0.1502839205973407,0.03176106270117443,0.28791547435615233,0.09278923205018978,216.4879085663706
wav2vec2-large-robust-hfcache,wav2vec2-large-robust-hfcache,Ningguo,loro,4.0,100.0,last_layer,0.16579673776662485,0.04681210902212426,0.12037688883111723,0.023211731175104063,0.15163867503815814,0.04782637512854965,0.33733493397358943,0.10391529538821141,215.8970699571073
wav2vec2-large-robust-hfcache,wav2vec2-large-robust-hfcache,Qingyang,loro,4.0,100.0,last_layer,0.1397371244635193,0.024785721485598582,0.1124403253911254,0.014638729795295758,0.12717767309229844,0.0259824173781947,0.2332624867162593,0.09432145103466699,213.9106841161847
wav2vec2-large-robust-hfcache,wav2vec2-large-robust-hfcache,Suncun,loro,4.0,100.0,last_layer,0.17864643150123047,0.04491424389411621,0.130207076342037,0.02347742746887993,0.18011295532940583,0.0525287623296844,0.29800796812749003,0.08766087237938174,214.7191535178572
wav2vec2-large-robust-hfcache,wav2vec2-large-robust-hfcache,Tongling,loro,4.0,100.0,last_layer,0.17310711365494683,0.048630715790803525,0.14027189928685682,0.026710248918760355,0.17061535926830562,0.050953892548594525,0.31850675138999207,0.11752493910753671,214.1995337512344
wav2vec2-large-robust-hfcache,wav2vec2-large-robust-hfcache,Wuhu,loro,4.0,100.0,last_layer,0.15203473945409426,0.03881892444817435,0.11556683620849513,0.01983884045239517,0.141936121685636,0.041597097045335374,0.3333333333333333,0.10030879269819067,212.51110063306987
wav2vec2-large-robust-hfcache,wav2vec2-large-robust-hfcache,Xuancheng,loro,4.0,100.0,last_layer,0.161161449752883,0.037716747924983224,0.13163881530256022,0.024006866993495486,0.1560633798355653,0.039260782831551565,0.1888,0.08813191648380098,213.42333172261715
wav2vec2-xls-r-300m-hfcache,wav2vec2-xls-r-300m-hfcache,Chizhou,loro,4.0,100.0,last_layer,0.25160022148394245,0.038540346834542966,0.20662436554790706,0.02337772641386195,0.27162140848518573,0.04198843375350386,0.2994132746607994,0.18125933410112405,214.9757547415793
wav2vec2-xls-r-300m-hfcache,wav2vec2-xls-r-300m-hfcache,Dangtu,loro,4.0,100.0,last_layer,0.22465743944636682,0.06685337724027719,0.17461367613798817,0.03486511578732646,0.22825265190075125,0.07386931842024169,0.2911825017088175,0.1513361230599002,214.337018603459
wav2vec2-xls-r-300m-hfcache,wav2vec2-xls-r-300m-hfcache,Fanchang,loro,4.0,100.0,last_layer,0.21993928354584089,0.04482605343076252,0.18361370386833215,0.02316542557941405,0.237507265516447,0.05153257209146526,0.32679738562091504,0.16384388517674153,2904.9955951720476
wav2vec2-xls-r-300m-hfcache,wav2vec2-xls-r-300m-hfcache,Gaochun,loro,4.0,100.0,last_layer,0.1973758012820512,0.03356428010190172,0.15973401021464076,0.0210206724107814,0.19835357996200323,0.03814896245714176,0.24723538704581358,0.14414707830442325,203.912993112579
wav2vec2-xls-r-300m-hfcache,wav2vec2-xls-r-300m-hfcache,Huangshan,loro,4.0,100.0,last_layer,0.2028897460623594,0.041592169027628016,0.1596186048818248,0.018322225419201216,0.21510595866800053,0.04472928125376434,0.40939597315436244,0.14479868725408285,212.70877516269684
wav2vec2-xls-r-300m-hfcache,wav2vec2-xls-r-300m-hfcache,Jingxian,loro,4.0,100.0,last_layer,0.20267555099948745,0.03502670240378015,0.16772301671918227,0.020590289456105013,0.2148512577526434,0.04307405434989561,0.3864832739004924,0.16681604958028562,206.5569603871554
wav2vec2-xls-r-300m-hfcache,wav2vec2-xls-r-300m-hfcache,Lishui,loro,4.0,100.0,last_layer,0.2556703567035671,0.05417579296261634,0.20610744722825147,0.03217580353192557,0.275213033926546,0.0631781260336464,0.2641395908543923,0.20340041406879605,198.17331753112376
wav2vec2-xls-r-300m-hfcache,wav2vec2-xls-r-300m-hfcache,Nanling,loro,4.0,100.0,last_layer,0.23965165298424673,0.035037905127206136,0.20134845428651169,0.020438015630382778,0.2587801753938795,0.042980218500394546,0.4391371340523883,0.19129280364644147,199.82602157443762
wav2vec2-xls-r-300m-hfcache,wav2vec2-xls-r-300m-hfcache,Ningguo,loro,4.0,100.0,last_layer,0.22327478042659976,0.0312588891226604,0.19225050917095315,0.022542951972756086,0.22928975714613065,0.035968496665067635,0.3289315726290516,0.15397444227853585,195.14255661517382
wav2vec2-xls-r-300m-hfcache,wav2vec2-xls-r-300m-hfcache,Qingyang,loro,4.0,100.0,last_layer,0.24360515021459225,0.0345004842102772,0.2058817601205778,0.024239565980472853,0.2620956723248468,0.042248258878921946,0.43756641870350693,0.17877419854759477,191.68518520146608
wav2vec2-xls-r-300m-hfcache,wav2vec2-xls-r-300m-hfcache,Suncun,loro,4.0,100.0,last_layer,0.26186218211648893,0.04421724738797867,0.216008511178796,0.027559282918000985,0.2843292836879984,0.05296959417707675,0.32270916334661354,0.17330071628674965,196.4702977128327
wav2vec2-xls-r-300m-hfcache,wav2vec2-xls-r-300m-hfcache,Tongling,loro,4.0,100.0,last_layer,0.2434587080948487,0.04476274710453649,0.20651679114599766,0.028580823796775266,0.2544861434227952,0.05286542164036173,0.41223193010325654,0.15438582894965874,198.46393774077296
wav2vec2-xls-r-300m-hfcache,wav2vec2-xls-r-300m-hfcache,Wuhu,loro,4.0,100.0,last_layer,0.2518031430934657,0.03898352166803868,0.20301668376078377,0.023075232169542798,0.2725463301733509,0.04316293496479658,0.3863453815261044,0.2050789843099884,197.66325263492763
wav2vec2-xls-r-300m-hfcache,wav2vec2-xls-r-300m-hfcache,Xuancheng,loro,4.0,100.0,last_layer,0.20529654036243822,0.0381288957893256,0.18111323202196591,0.025276644213381164,0.217977701096168,0.04664593407767815,0.388,0.1700246735690371,201.33671858347952
wavlm-base,wavlm-base,Chizhou,,,,last_layer,0.41349575489110374,0.04400996194276426,0.36751876019494895,0.028470221718856166,0.43223556516204076,0.049027781323878264,0.5038503850385039,0.4488552424731674,2491.659455904737
wavlm-base,wavlm-base,Dangtu,,,,last_layer,0.28663667820069205,0.05031109080254272,0.25718719069790735,0.03444454826474137,0.2920503149087213,0.06188963850854514,0.38345864661654133,0.3436511293138094,2526.0655127558857
wavlm-base,wavlm-base,Fanchang,loro,4.0,100.0,last_layer,0.3702064359441408,0.046040600081008395,0.3319482214592578,0.03327958862363015,0.3824271796305759,0.05565448317479938,0.46702317290552586,0.42607066085520306,2449.7004610914737
wavlm-base,wavlm-base,Gaochun,loro,4.0,100.0,last_layer,0.2514142628205128,0.03536589481737732,0.2298719721581703,0.02556884556031987,0.2453805036381772,0.04113182631632787,0.34913112164297,0.3107454766313087,2674.1407032888383
wavlm-base,wavlm-base,Huangshan,loro,4.0,100.0,last_layer,0.2947926711668274,0.03984872636352435,0.25741596466506467,0.030238484593830404,0.30848646044663774,0.046175320031002075,0.4742729306487696,0.37750099940182336,2537.60480905883
wavlm-base,wavlm-base,Jingxian,,,,last_layer,0.2524329403724586,0.036652837656338276,0.24079850297606842,0.02924507927946999,0.25071704220414576,0.04677050036932803,0.3552385804041433,0.3270148432888823,2534.54877907224
wavlm-base,wavlm-base,Lishui,loro,4.0,100.0,last_layer,0.3204674046740468,0.05141155361272796,0.2847038327825753,0.03520840731204384,0.3319748874248189,0.06333623067010159,0.3916967509025271,0.3619555250722073,2477.5179738998413
wavlm-base,wavlm-base,Qingyang,,,,last_layer,0.37886534334763944,0.047401841269761484,0.3519035716681684,0.03468183741028604,0.37758541315401195,0.05655287661315021,0.45563230605738575,0.4158927103902543,2492.201197547838
wavlm-base,wavlm-base,Suncun,,,,last_layer,0.40901558654634956,0.06439163351426506,0.35610470372028424,0.04368488676092492,0.42204979046259533,0.07460159709985595,0.5258964143426295,0.47311498727418844,2483.306697631255
wavlm-base,wavlm-base,Tongling,,,,last_layer,0.38511038430089944,0.054443762557032906,0.3544295995136805,0.04314341892265079,0.386632059093677,0.06575183010402635,0.4892772041302621,0.41692182944584394,2486.7336478233337
wavlm-base,wavlm-base,Wuhu,,,,last_layer,0.3720430107526881,0.05774431862459816,0.324028950260295,0.03809910212279278,0.3845341576886824,0.06718971953028871,0.46907630522088356,0.4256077948220851,2521.6780902408063
wavlm-base,wavlm-base,Xuancheng,,,,last_layer,0.3461943986820428,0.05219476024081944,0.3261823449770784,0.038593561595779015,0.3438283717698382,0.06444369835351747,0.476,0.4490461959871179,2530.895843103528
whisper-base,whisper-base,Chizhou,loro,4.0,100.0,last_layer,0.508313030638612,0.04198293178985324,0.4791545210865301,0.030127370590899597,0.5220020385981894,0.04384879834941324,0.6523652365236524,0.616099280897854,583.0385107342154
whisper-base,whisper-base,Dangtu,loro,4.0,100.0,last_layer,0.40013148788927344,0.037838852219826545,0.37164249917772296,0.031212600395167395,0.409171076613359,0.04293435821990053,0.5181134654818865,0.46062274365101974,582.8615525513887
whisper-base,whisper-base,Fanchang,loro,4.0,100.0,last_layer,0.46088646023072255,0.037800631446267205,0.4270009881206974,0.03198114536827461,0.48256403576717477,0.03829286793062516,0.6351752822341058,0.5540378753532598,588.9299982320517
whisper-base,whisper-base,Gaochun,loro,4.0,100.0,last_layer,0.3656690705128205,0.03258623110545666,0.3407534802731136,0.02673253337197344,0.366274875818971,0.03706008029120729,0.4826224328593997,0.4420346423249398,578.0601558424532
whisper-base,whisper-base,Huangshan,loro,4.0,100.0,last_layer,0.42565252330440373,0.044610744058563856,0.3776152868172911,0.03344893912858869,0.4468194585211895,0.04756276226396627,0.5952380952380952,0.494525730163969,594.9180344808847
whisper-base,whisper-base,Jingxian,loro,4.0,100.0,last_layer,0.3836220741500085,0.040467506255481345,0.35748310115598586,0.029911821405875002,0.3942704296287747,0.04467735283155354,0.500594328408898,0.45236957990469495,592.6057329587638
whisper-base,whisper-base,Lishui,loro,4.0,100.0,last_layer,0.4423185731857318,0.03802857550115945,0.41493487925949774,0.030950151797767007,0.4592723214857962,0.04269378249496505,0.5451263537906137,0.5198652188635003,593.8395568337291
whisper-base,whisper-base,Nanling,loro,4.0,100.0,last_layer,0.5066185932993121,0.03619315814541062,0.47441063574333747,0.02967605501733356,0.5217058804761634,0.03900628182484848,0.6733436055469953,0.6163135963612271,575.4693694524467
whisper-base,whisper-base,Ningguo,loro,4.0,100.0,last_layer,0.4339899623588456,0.039268723814753104,0.40256501149795026,0.0306205889292393,0.4429662183066088,0.0423876943866637,0.6290516206482593,0.5671117758611118,586.7453410830349
whisper-base,whisper-base,Qingyang,loro,4.0,100.0,last_layer,0.5225777896995709,0.03163194210659998,0.4863459225700469,0.0246669280218047,0.5383441436055125,0.032059072787283094,0.6591392136025505,0.5986775178048572,591.9716100301594
whisper-base,whisper-base,Suncun,loro,4.0,100.0,last_layer,0.5116160787530762,0.0374612613390697,0.471512038273454,0.02907355777924874,0.5298936853036446,0.04017255240418243,0.6645418326693228,0.5903445795290924,576.1565113831311
whisper-base,whisper-base,Tongling,loro,4.0,100.0,last_layer,0.5145707277187245,0.04343153920414704,0.46693809288943655,0.03205775994664182,0.5298436594627564,0.04660930365287887,0.6687847498014297,0.5920885483085977,567.5527097061276
whisper-base,whisper-base,Wuhu,loro,4.0,100.0,last_layer,0.4797187758478081,0.03921412601755002,0.4427555890968901,0.028788418774698857,0.4987318947575337,0.04108142108572988,0.6281124497991968,0.5717451163589649,632.5145777724683
whisper-base,whisper-base,Xuancheng,loro,4.0,100.0,last_layer,0.5032701812191104,0.04595753406825962,0.4636296800309126,0.03720835563454137,0.5147917296195281,0.047549764372324985,0.648,0.5843132060175482,578.4767037499696
